Function,Rate (MB/s),Rate (MFlop/s),Avg time,Min time,Max time
Init,380646.0515109269,0.0,0.0025429888888888886,0.002522028,0.002565368
Copy,524206.31887033535,0.0,0.0036925338888888887,0.00366268,0.003744571
Update,763393.0754681648,47712.0672167603,0.002877737333333333,0.002515087,0.005615632
Triad,583045.049947526,48587.08749562716,0.004965078777777778,0.004939584,0.004998045
Daxpy,775141.6382941501,64595.13652451251,0.003738033111111111,0.00371545,0.003791831
STriad,618817.0667168596,38676.066669803724,0.006246259555555556,0.006205388,0.006291199
SDaxpy,770019.916244292,48126.24476526825,0.005012843777777779,0.004986884,0.005030665
